{"cameraMode":{"drawMode":0,"name":"Shaded","section":"Shading Mode"},"sceneLighting":false,"audioPlay":false,"sceneViewState":{"m_AlwaysRefresh":false,"showFog":false,"showSkybox":false,"showFlares":false,"showImageEffects":false,"showParticleSystems":false,"showVisualEffectGraphs":true,"m_FxEnabled":true},"in2DMode":false,"pivot":{"x":0.8633673191070557,"y":1.090712070465088,"z":-0.16112494468688966},"rotation":{"x":0.010201597586274147,"y":0.9865426421165466,"z":-0.14850740134716035,"w":0.06788899004459381},"size":1.1833933591842652,"orthographic":false}