{"cameraMode":{"drawMode":0,"name":"Shaded","section":"Shading Mode"},"sceneLighting":true,"audioPlay":false,"sceneViewState":{"m_AlwaysRefresh":false,"showFog":true,"showSkybox":true,"showFlares":true,"showImageEffects":true,"showParticleSystems":true,"showVisualEffectGraphs":true,"m_FxEnabled":true},"in2DMode":false,"pivot":{"x":-0.000011901604011654854,"y":5.889432907104492,"z":-4.899486541748047},"rotation":{"x":0.31693413853645327,"y":-0.0056902579963207249,"z":0.0019032437121495605,"w":0.9484332799911499},"size":0.07668779045343399,"orthographic":false}