{"cameraMode":{"drawMode":0,"name":"Shaded","section":"Shading Mode"},"sceneLighting":false,"audioPlay":false,"sceneViewState":{"m_AlwaysRefresh":false,"showFog":false,"showSkybox":false,"showFlares":false,"showImageEffects":false,"showParticleSystems":false,"showVisualEffectGraphs":true,"m_FxEnabled":true},"in2DMode":false,"pivot":{"x":-0.02816396951675415,"y":0.6393136978149414,"z":0.6506035327911377},"rotation":{"x":0.06467106193304062,"y":0.9352297782897949,"z":-0.2546153664588928,"w":0.2374950349330902},"size":0.9469139575958252,"orthographic":false}